{"FT:141":{
  "id":"FT:141","value":2174.55,"ask":2175.02,"bid":2174.55,"tid":"FT:141","timestamp":1581415500},"FT:140":{
  "id":"FT:140","value":6462,"ask":6462,"bid":6462,"tid":"FT:140","timestamp":1581043920},"FT:142":{
  "id":"FT:142","value":0.6674,"ask":0.6723,"bid":0.6674,"tid":"FT:142","timestamp":1582531560},"FT:139":{
  "id":"FT:139","value":6474.5,"ask":6476.5,"bid":6474.5,"tid":"FT:139","timestamp":1581043500},"audcad":{
  "id":"audcad","value":0.8553,"ask":0.8561,"bid":0.8553,"tid":1,"timestamp":1585040453},"audchf":{
  "id":"audchf","value":0.57534,"ask":0.57624,"bid":0.57534,"tid":175,"timestamp":1585040451},"audnzd":{
  "id":"audnzd","value":1.019,"ask":1.0202,"bid":1.019,"tid":3,"timestamp":1585040453},"audjpy":{
  "id":"audjpy","value":65.247,"ask":65.327,"bid":65.247,"tid":2,"timestamp":1585040453},"usdsgd":{
  "id":"usdsgd","value":1.44682,"ask":1.44908,"bid":1.44682,"tid":96,"timestamp":1585040444},"eurusd":{
  "id":"eurusd","value":1.08232,"ask":1.08262,"bid":1.08232,"tid":10,"timestamp":1585040454},"gbpusd":{
  "id":"gbpusd","value":1.17518,"ask":1.17558,"bid":1.17518,"tid":15,"timestamp":1585040451},"usdjpy":{
  "id":"usdjpy","value":110.771,"ask":110.801,"bid":110.771,"tid":23,"timestamp":1585040452},"usdchf":{
  "id":"usdchf","value":0.97683,"ask":0.97723,"bid":0.97683,"tid":21,"timestamp":1585040453},"usdcad":{
  "id":"usdcad","value":1.45181,"ask":1.45221,"bid":1.45181,"tid":20,"timestamp":1585040451},"audusd":{
  "id":"audusd","value":0.5891,"ask":0.5895,"bid":0.5891,"tid":4,"timestamp":1585040453},"nzdusd":{
  "id":"nzdusd","value":0.57778,"ask":0.57818,"bid":0.57778,"tid":19,"timestamp":1585040452},"eurgbp":{
  "id":"eurgbp","value":0.92078,"ask":0.92118,"bid":0.92078,"tid":8,"timestamp":1585040452},"eurchf":{
  "id":"eurchf","value":1.05737,"ask":1.05787,"bid":1.05737,"tid":7,"timestamp":1585040451},"eurjpy":{
  "id":"eurjpy","value":119.901,"ask":119.941,"bid":119.901,"tid":9,"timestamp":1585040453},"euraud":{
  "id":"euraud","value":1.83645,"ask":1.83725,"bid":1.83645,"tid":5,"timestamp":1585040453},"eurcad":{
  "id":"eurcad","value":1.57131,"ask":1.57221,"bid":1.57131,"tid":6,"timestamp":1585040453},"gbpaud":{
  "id":"gbpaud","value":1.99403,"ask":1.99503,"bid":1.99403,"tid":11,"timestamp":1585040453},"gbpcad":{
  "id":"gbpcad","value":1.7061,"ask":1.7073,"bid":1.7061,"tid":12,"timestamp":1585040453},"gbpchf":{
  "id":"gbpchf","value":1.14795,"ask":1.14875,"bid":1.14795,"tid":13,"timestamp":1585040452},"gbpjpy":{
  "id":"gbpjpy","value":130.18,"ask":130.25,"bid":130.18,"tid":14,"timestamp":1585040453},"nzdcad":{
  "id":"nzdcad","value":0.83887,"ask":0.83967,"bid":0.83887,"tid":16,"timestamp":1585040450},"nzdchf":{
  "id":"nzdchf","value":0.56421,"ask":0.56521,"bid":0.56421,"tid":17,"timestamp":1585040452},"nzdjpy":{
  "id":"nzdjpy","value":64.004,"ask":64.064,"bid":64.004,"tid":18,"timestamp":1585040453},"usddkk":{
  "id":"usddkk","value":6.89685,"ask":6.89885,"bid":6.89685,"tid":22,"timestamp":1585040453},"usdmxn":{
  "id":"usdmxn","value":24.87302,"ask":24.89802,"bid":24.87302,"tid":24,"timestamp":1585040453},"usdnok":{
  "id":"usdnok","value":11.08513,"ask":11.09013,"bid":11.08513,"tid":25,"timestamp":1585040453},"usdrub":{
  "id":"usdrub","value":78.4484,"ask":78.8484,"bid":78.4484,"tid":90,"timestamp":1585040453},"usdsek":{
  "id":"usdsek","value":10.24752,"ask":10.25252,"bid":10.24752,"tid":26,"timestamp":1585040452},"usdtry":{
  "id":"usdtry","value":6.46823,"ask":6.48823,"bid":6.46823,"tid":99,"timestamp":1585040453},"silver":{
  "id":"silver","value":13.997,"ask":14.067,"bid":13.997,"tid":27,"timestamp":1585040453},"gold":{
  "id":"gold","value":1602.47,"ask":1603.17,"bid":1602.47,"tid":28,"timestamp":1585040442},"_mmm":{
  "id":"_mmm","value":118.42,"ask":118.98,"bid":118.42,"tid":66,"timestamp":1584979199},"_alibaba":{
  "id":"_alibaba","value":177.17,"ask":178.21,"bid":177.17,"tid":9056,"timestamp":1584979199},"_aa":{
  "id":"_aa","value":5.56,"ask":5.72,"bid":5.56,"tid":39,"timestamp":1584979193},"_amzn":{
  "id":"_amzn","value":1907.56,"ask":1912.28,"bid":1907.56,"tid":41,"timestamp":1584979198},"_axp":{
  "id":"_axp","value":69.08,"ask":69.35,"bid":69.08,"tid":42,"timestamp":1584979199},"_aapl":{
  "id":"_aapl","value":225.14,"ask":226.09,"bid":225.14,"tid":40,"timestamp":1584979199},"_t":{
  "id":"_t","value":26.91,"ask":27.01,"bid":26.91,"tid":73,"timestamp":1584979199},"_bac":{
  "id":"_bac","value":18.15,"ask":18.23,"bid":18.15,"tid":44,"timestamp":1584979199},"_ba":{
  "id":"_ba","value":105.55,"ask":106.26,"bid":105.55,"tid":43,"timestamp":1584979199},"_cat":{
  "id":"_cat","value":92.36,"ask":92.97,"bid":92.36,"tid":45,"timestamp":1584979189},"_cvx":{
  "id":"_cvx","value":54.28,"ask":54.56,"bid":54.28,"tid":47,"timestamp":1584979199},"_ko":{
  "id":"_ko","value":37.6,"ask":37.75,"bid":37.6,"tid":63,"timestamp":1584979199},"_csco":{
  "id":"_csco","value":34.72,"ask":34.82,"bid":34.72,"tid":46,"timestamp":1584979199},"_dis":{
  "id":"_dis","value":86.71,"ask":86.77,"bid":86.71,"tid":49,"timestamp":1584979199},"_ebay":{
  "id":"_ebay","value":26.43,"ask":26.58,"bid":26.43,"tid":50,"timestamp":1584979186},"_xom":{
  "id":"_xom","value":31.8,"ask":32.02,"bid":31.8,"tid":78,"timestamp":1584979198},"_fb":{
  "id":"_fb","value":147.91,"ask":148.9,"bid":147.91,"tid":51,"timestamp":1584979199},"_ge":{
  "id":"_ge","value":6.09,"ask":6.25,"bid":6.09,"tid":52,"timestamp":1584979197},"_goog":{
  "id":"_goog","value":1059.39,"ask":1063.59,"bid":1059.39,"tid":53,"timestamp":1584979196},"_ibm":{
  "id":"_ibm","value":95.53,"ask":95.92,"bid":95.53,"tid":58,"timestamp":1584979199},"_hpq":{
  "id":"_hpq","value":13.78,"ask":13.87,"bid":13.78,"tid":57,"timestamp":1584979199},"_intc":{
  "id":"_intc","value":49.77,"ask":49.88,"bid":49.77,"tid":59,"timestamp":1584979199},"_jnj":{
  "id":"_jnj","value":111.91,"ask":112.29,"bid":111.91,"tid":61,"timestamp":1584979199},"_jpm":{
  "id":"_jpm","value":79.38,"ask":79.84,"bid":79.38,"tid":62,"timestamp":1584979199},"_mcd":{
  "id":"_mcd","value":139.31,"ask":139.82,"bid":139.31,"tid":64,"timestamp":1584979199},"_msft":{
  "id":"_msft","value":136.26,"ask":136.49,"bid":136.26,"tid":69,"timestamp":1584979199},"_netflix":{
  "id":"_netflix","value":359.76,"ask":360.52,"bid":359.76,"tid":9051,"timestamp":1584979198},"_pfe":{
  "id":"_pfe","value":28.63,"ask":28.74,"bid":28.63,"tid":70,"timestamp":1584979199},"_pg":{
  "id":"_pg","value":98.8,"ask":99.12,"bid":98.8,"tid":71,"timestamp":1584979199},"_sony":{
  "id":"_sony","value":53.08,"ask":53.34,"bid":53.08,"tid":90001,"timestamp":1584979199},"_yhoo":{
  "id":"_yhoo","value":54.79,"ask":54.79,"bid":54.79,"tid":80,"timestamp":1498237140},"_tesla":{
  "id":"_tesla","value":432.8,"ask":434.98,"bid":432.8,"tid":2001,"timestamp":1584979199},"_vz":{
  "id":"_vz","value":50.71,"ask":50.86,"bid":50.71,"tid":75,"timestamp":1584979199},"_wmt":{
  "id":"_wmt","value":115,"ask":115.25,"bid":115,"tid":76,"timestamp":1584979199},"_bmw":{
  "id":"_bmw","value":42.338,"ask":42.631,"bid":42.338,"tid":90002,"timestamp":1585040452},"ng":{
  "id":"ng","value":1.733,"ask":1.734,"bid":1.733,"tid":84,"timestamp":1585040453},"ta35":{
  "id":"ta35","value":1253.43,"ask":1253.43,"bid":1253.43,"tid":31,"timestamp":1585040443},"tadawul":{
  "id":"tadawul","value":5998.03,"ask":6214.16,"bid":6209.16,"tid":32,"timestamp":1585036799},"btceur":{
  "id":"btceur","value":6129.91,"ask":6177.01,"bid":6129.91,"tid":167,"timestamp":1585040454},"btcusd":{
  "id":"btcusd","value":6635.9,"ask":6685.9,"bid":6635.9,"tid":107,"timestamp":1585040454},"_gazp":{
  "id":"_gazp","value":176.47,"ask":176.86,"bid":176.47,"tid":94,"timestamp":1585040453},"_yndx":{
  "id":"_yndx","value":29.22,"ask":29.36,"bid":29.22,"tid":81,"timestamp":1584979199},"uso":{
  "id":"uso","value":4.85,"ask":4.86,"bid":4.85,"tid":33,"timestamp":1584979096},"uco":{
  "id":"uco","value":2.13,"ask":2.14,"bid":2.13,"tid":34,"timestamp":1584978728},"adobe":{
  "id":"adobe","value":308.26,